metric,fcfs_mean,clinicflow_mean,improvement_pct
avg_wait,46.60655507704583,45.75999038839727,1.8164069136821999
urgent_avg_wait,46.295230883502356,12.879905438453493,72.17876400516377
max_wait,93.910569065,123.24590600599998,-31.237524416123584
patients_over_90min,4.18,6.2,-48.32535885167466
